epoch,step,train_loss_epoch,acc_epoch
0,3,2.2774860858917236,0.15625
1,7,1.597400188446045,0.4375
2,11,1.4640973806381226,0.46875
