acc_epoch,epoch,step,train_loss_epoch
0.1875,0,3,2.256822347640991
0.5,1,7,1.5475451946258545
0.5,2,11,1.3952391147613525
