step,epoch,acc_epoch,train_loss_epoch
3,0,0.15625,2.2716574668884277
7,1,0.25,1.9641633033752441
11,2,0.25,1.9118824005126953
