epoch,train_loss_epoch,step,acc_epoch
0,2.1553235054016113,3,0.1875
1,1.6790721416473389,7,0.40625
2,1.3585057258605957,11,0.4375
