acc_epoch,epoch,step,train_loss_epoch
0.1875,0,3,2.15988826751709
0.4375,1,7,1.4556387662887573
0.46875,2,11,1.325021743774414
