acc_epoch,epoch,step,train_loss_epoch
0.125,0,3,2.2311573028564453
0.1875,1,7,1.912489414215088
0.1875,2,11,1.8776631355285645
