epoch,step,train_loss_epoch,acc_epoch
0,3,2.250607967376709,0.15625
1,7,1.821425199508667,0.25
2,11,1.7663218975067139,0.25
